{"stats":{"minecraft:picked_up":{"minecraft:sand":1,"minecraft:stick":3,"minecraft:wheat_seeds":5},"minecraft:mined":{"minecraft:grass":25,"minecraft:sand":1},"minecraft:custom":{"minecraft:jump":12,"minecraft:time_since_rest":3762,"minecraft:play_one_minute":3762,"minecraft:leave_game":2,"minecraft:sprint_one_cm":8913,"minecraft:time_since_death":3762,"minecraft:walk_on_water_one_cm":936,"minecraft:walk_one_cm":10653,"minecraft:drop":7,"minecraft:fly_one_cm":1611},"minecraft:dropped":{"minecraft:wheat_seeds":5,"minecraft:stick":2},"minecraft:used":{"minecraft:sand":1}},"DataVersion":2586}